5bd50008f60f3e4704b4ae2b;5bd74633189ee6468fb709d3;RPS Advisory
5bd55368d3503f4f16c73afa;5bd74645ef271d278e8983f7;GJO Financial Services
5bd680dbc7bdba1c8e1540c4;5bd746570280b4106e05df49;Capital Partners
5bd285645b14333804efa6ed;5bd746672c81083bf3e298f9;The Practice
5bd58071c7bdba1c8e0e530c;5bd7467dddebd664f26a9ae5;Incito Wealth
5bd665779bfa4f882a090572;5bd7468d92e134429937011c;Bartons
5bd690dc7b57cd305c344d79;5bd7469f2c81083bf3e2a6f8;Bartons
5bd654fe97912a4eb9ec8ea9;5bd746ba5a7bdb04ab225b60;Bartons
5bcead96c62a5d1c17a2a3bc;5bd746d0489a2148390524c7;Bartons
5bd2748a191188386cd56e23;5bd746ea3eda7203f4a27c22;Capital Partners
5bd2bff3a715cb1479e861d9;5bd746fa2f83982dbae894f6;Capital Partners
5bd2c5caa5858f0a19b86a36;5bd7470d3072e1482afbf3ce;Capital Partners
5bd2d7e2d2d6210fb08ae8da;5bd7471b82f07259ae7f8925;Equitem
5bcf9b209647976b57dbf474;5bd747292c0f060aa21ccc1d;The Practice
5bbac8e38c4b0839d5e7a1eb;5bd74741b387b68bc1c8fbe9;Incite Wealth
5bc47a8556710027a5a85650;5bd7475c34ff4b1bb67d282b;Incite Wealth
5bc6b2a19ed4741a2f039d11;5bd7476f63f3f31621e87a74;Stonegate
5bcd6d58c3bb7f7240fcd725;5bd74787ea330c6c4904dd5c;The Practice
5bd01c916b28ab5383cb436a;5bd7479c218f31704647d182;GJO Financial Services
5bceb35a040c23617a629788;5bd747b0b65c2c5a1a224409;The Practice
5bce5c88f9d010318f5574a3;5bd747cafb1030628f60b3f1;The Practice
5bcfd18f57efca2f90596d77;5bd747e034f3163ba7f64e37;Vital Financial
5bcfb2bc6fd4fd591bfc8345;5bd747eef09e837f89403ed2;The Practice
5c0f183b2624305cbea03042,5c0f70d586f51582380439c8,Equitem
5c0f183b2624305cbea03042,5c0f72ae9a51302648c3bc20,Equitem
5c0f44b8e31e428f037870f6,5c0f72b870e8cb886db56bde,Bartons
5c09d1d75e97857bb0ffc9ee,5c0f72cdbfa813256d633be3,IAS
5c0f03f2641d4581a70b978d,5c0f72d95420826c7ee7f348,RPS Advisory
5c0df82dfec49603ea545bf6,5c0f72e6d5bd31687a9fd629,GJO Financial Services
