5c0f183b2624305cbea03042;5c0fd06c4b51f85af7f70f36;Equitem
5c0f44b8e31e428f037870f6;5c0fd07a891df054a616d616;Bartons
5c09d1d75e97857bb0ffc9ee;5c0fd09832e28d2699391235;IAS
5c0f03f2641d4581a70b978d;5c0fd0a95872718b85069339;RPS Advisory
5c0df82dfec49603ea545bf6;5c0fd0bed1ee916b3c6f1ca5;GJO Financial Services
5c060f8be3eaed43078bb30e;5c0fd0d777cc87894bdec53c;Bartons
5c085a841932f7591d73f022;5c0fd0e96467d33524ba29b8;Bartons
5c063adc9bc4f9841883a8cc;5c0fd0f94603051851edef4d;Equitem
5c05ec5073dae115c2fb2d09;5c0fd1592cf2885b9fabf083;Stonegate
5c05fc302ace6843143717dc;5c0fd17af746d2723a3662d1;The Practice
5c04d777f4cd2f1d5e9ed3c7;5c0fd19d7f86b1311dfc14b4;Equitem
5c04bdb809bb341c683be7f7;5c0fd2e78c1ed8413d9107bc;Bartons
